{"cameraMode":{"drawMode":0,"name":"Shaded","section":"Shading Mode"},"sceneLighting":true,"audioPlay":false,"sceneViewState":{"m_AlwaysRefresh":false,"showFog":true,"showSkybox":true,"showFlares":true,"showImageEffects":true,"showParticleSystems":true,"showVisualEffectGraphs":true,"m_FxEnabled":false},"in2DMode":false,"pivot":{"x":2.889618396759033,"y":-9.717557907104493,"z":12.882064819335938},"rotation":{"x":0.36977043747901919,"y":-0.023397227749228479,"z":0.009311892092227936,"w":0.9287590980529785},"size":12.644295692443848,"orthographic":false}