{"cameraMode":{"drawMode":0,"name":"Shaded","section":"Shading Mode"},"sceneLighting":false,"audioPlay":false,"sceneViewState":{"m_AlwaysRefresh":false,"showFog":true,"showSkybox":false,"showFlares":true,"showImageEffects":true,"showParticleSystems":true,"showVisualEffectGraphs":true,"m_FxEnabled":false},"in2DMode":false,"pivot":{"x":0.2772238850593567,"y":0.4999794661998749,"z":-1.793102502822876},"rotation":{"x":0.05919618532061577,"y":-0.07479718327522278,"z":0.004448424093425274,"w":0.9954259991645813},"size":1.1404048204421998,"orthographic":false}